<?xml version="1.0" encoding="UTF-8"?>

<beans xmlns="http://www.springframework.org/schema/beans"
	xmlns:xsi="http://www.w3.org/2001/XMLSchema-instance"
	xmlns:aop="http://www.springframework.org/schema/aop"
	xmlns:context="http://www.springframework.org/schema/context"
	xsi:schemaLocation="http://www.springframework.org/schema/beans 
    http://www.springframework.org/schema/beans/spring-beans-4.0.xsd
    http://www.springframework.org/schema/context
    http://www.springframework.org/schema/context/spring-context.xsd">     
    
    
    <bean class="org.springframework.jdbc.datasource.DriverManagerDataSource" id="dataSource">
			    
    <property name="driverClassName" value="com.mysql.cj.jdbc.Driver"> </property>
    <property name="url" value="jdbc:mysql://localhost:3307/practice?serverTimezone=IST"></property>
    <property name="username" value="root"/>
    <property name="password" value=""/>
    </bean>
    
    
    <!-- <bean class="com.ibm.trainning.User" id="user">
    
    </bean>
     -->
    
    
    
    
    
    
      <!-- For annotations to work -->
	<context:annotation-config></context:annotation-config>
	
	<!-- For scanning all the Components -->
	<context:component-scan base-package="com.parallel.test.bean"></context:component-scan>
	<context:component-scan base-package="com.parallel.test.dao"></context:component-scan>
	<context:component-scan base-package="com.parallel.test.service"></context:component-scan>
	<context:component-scan base-package="com.parallel.test.ui"></context:component-scan>
	<context:component-scan base-package="com.parallel.test.spring-parallelproject_adityagupta"></context:component-scan>
     
    </beans>